{
    "learning_rate": 0.000974386667832731,
    "gamma": 0.9338134593986138,
    "n_steps": 1024,
    "ent_coef": 1.966049945383333e-05,
    "batch_size": 160
}