{
    "learning_rate": 0.00011748439548007026,
    "gamma": 0.9642702278697041,
    "n_steps": 3072,
    "ent_coef": 0.00019010245319870352,
    "batch_size": 160,
    "buffer_size": 1000000
}